Type,Date,Part of a policing operation,Policing operation,Latitude,Longitude,Gender,Age range,Self-defined ethnicity,Officer-defined ethnicity,Legislation,Object of search,Outcome,Outcome linked to object of search,Removal of more than just outer clothing
Person and Vehicle search,2026-01-01T00:00:00+00:00,,,54.578688,-1.235715,,,,,Misuse of Drugs Act 1971 (section 23),Controlled drugs,,True,
Person search,2026-01-01T00:00:00+00:00,,,54.578688,-1.235715,Male,18-24,White - English/Welsh/Scottish/Northern Irish/British,White,Misuse of Drugs Act 1971 (section 23),Controlled drugs,,True,
Person search,2026-01-01T00:00:00+00:00,,,54.578688,-1.235715,Male,18-24,White - English/Welsh/Scottish/Northern Irish/British,White,Misuse of Drugs Act 1971 (section 23),Controlled drugs,,True,
Person search,2026-01-01T00:00:00+00:00,,,54.576905,-1.176188,Male,over 34,White - English/Welsh/Scottish/Northern Irish/British,White,Misuse of Drugs Act 1971 (section 23),Controlled drugs,A no further action disposal,,
Person search,2026-01-01T00:00:00+00:00,,,54.680856,-1.222150,Male,over 34,White - English/Welsh/Scottish/Northern Irish/British,White,Police and Criminal Evidence Act 1984 (section 1),Stolen goods,A no further action disposal,,
Person search,2026-01-02T00:00:00+00:00,,,54.554494,-1.146720,Male,over 34,White - English/Welsh/Scottish/Northern Irish/British,White,Misuse of Drugs Act 1971 (section 23),Controlled drugs,A no further action disposal,,
Vehicle search,2026-01-02T00:00:00+00:00,,,54.601954,-1.072044,,,,,Police and Criminal Evidence Act 1984 (section 1),Article for use in theft,,,
Person search,2026-01-02T00:00:00+00:00,,,54.567461,-1.313336,Male,over 34,White - English/Welsh/Scottish/Northern Irish/British,White,Police and Criminal Evidence Act 1984 (section 1),Stolen goods,A no further action disposal,,
Person search,2026-01-02T00:00:00+00:00,,,54.554331,-1.179055,Male,10-17,,White,Misuse of Drugs Act 1971 (section 23),Controlled drugs,,,
Person search,2026-01-02T00:00:00+00:00,,,,,Male,over 34,White - English/Welsh/Scottish/Northern Irish/British,White,Police and Criminal Evidence Act 1984 (section 1),Article for use in theft,,False,
Person search,2026-01-02T00:00:00+00:00,,,54.682094,-1.217628,Male,over 34,White - English/Welsh/Scottish/Northern Irish/British,White,Police and Criminal Evidence Act 1984 (section 1),Offensive weapons,A no further action disposal,,
Person search,2026-01-02T00:00:00+00:00,,,54.565544,-1.247731,Male,over 34,White - English/Welsh/Scottish/Northern Irish/British,White,Police and Criminal Evidence Act 1984 (section 1),Offensive weapons,A no further action disposal,,
Person search,2026-01-02T00:00:00+00:00,,,54.567792,-1.314645,Male,over 34,White - English/Welsh/Scottish/Northern Irish/British,White,Misuse of Drugs Act 1971 (section 23),Controlled drugs,,,
Person search,2026-01-02T00:00:00+00:00,,,54.567461,-1.313336,Female,over 34,,White,Misuse of Drugs Act 1971 (section 23),Controlled drugs,,True,
Person search,2026-01-02T00:00:00+00:00,,,54.588082,-1.335040,Male,25-34,White - English/Welsh/Scottish/Northern Irish/British,White,Misuse of Drugs Act 1971 (section 23),Controlled drugs,A no further action disposal,,
Person search,2026-01-02T00:00:00+00:00,,,54.568049,-1.320240,Male,over 34,White - English/Welsh/Scottish/Northern Irish/British,White,Misuse of Drugs Act 1971 (section 23),Controlled drugs,Arrest,True,
Person search,2026-01-02T00:00:00+00:00,,,54.526284,-1.215989,Male,10-17,White - English/Welsh/Scottish/Northern Irish/British,White,Misuse of Drugs Act 1971 (section 23),Controlled drugs,A no further action disposal,,
Person search,2026-01-02T00:00:00+00:00,,,54.553665,-1.300580,Male,over 34,White - English/Welsh/Scottish/Northern Irish/British,White,Misuse of Drugs Act 1971 (section 23),Controlled drugs,,False,
Person search,2026-01-02T00:00:00+00:00,,,54.601923,-1.072741,Male,over 34,White - English/Welsh/Scottish/Northern Irish/British,White,Police and Criminal Evidence Act 1984 (section 1),Offensive weapons,A no further action disposal,,
Person and Vehicle search,2026-01-02T00:00:00+00:00,,,54.554494,-1.146720,,,,,Misuse of Drugs Act 1971 (section 23),Controlled drugs,A no further action disposal,,
Person search,2026-01-02T00:00:00+00:00,,,54.559732,-1.150353,Male,over 34,White - English/Welsh/Scottish/Northern Irish/British,White,Police and Criminal Evidence Act 1984 (section 1),Article for use in theft,A no further action disposal,,
Person search,2026-01-02T00:00:00+00:00,,,54.554494,-1.146720,Male,over 34,White - English/Welsh/Scottish/Northern Irish/British,White,Misuse of Drugs Act 1971 (section 23),Controlled drugs,A no further action disposal,,
Person search,2026-01-03T00:00:00+00:00,,,54.615636,-1.066669,Male,10-17,White - English/Welsh/Scottish/Northern Irish/British,White,Misuse of Drugs Act 1971 (section 23),Controlled drugs,A no further action disposal,,
Person search,2026-01-03T00:00:00+00:00,,,54.521066,-1.241874,Male,10-17,White - English/Welsh/Scottish/Northern Irish/British,White,Misuse of Drugs Act 1971 (section 23),Controlled drugs,Arrest,False,
Person search,2026-01-03T00:00:00+00:00,,,54.686199,-1.207730,Male,18-24,White - English/Welsh/Scottish/Northern Irish/British,White,Misuse of Drugs Act 1971 (section 23),Controlled drugs,A no further action disposal,,
Person and Vehicle search,2026-01-03T00:00:00+00:00,,,54.686199,-1.207730,,,,,Misuse of Drugs Act 1971 (section 23),Controlled drugs,A no further action disposal,,
Person search,2026-01-03T00:00:00+00:00,,,54.562034,-1.207556,Male,over 34,White - English/Welsh/Scottish/Northern Irish/British,White,Misuse of Drugs Act 1971 (section 23),Controlled drugs,A no further action disposal,,
Person search,2026-01-03T00:00:00+00:00,,,54.534629,-1.292668,Male,25-34,White - English/Welsh/Scottish/Northern Irish/British,White,Misuse of Drugs Act 1971 (section 23),Controlled drugs,,True,
Person search,2026-01-03T00:00:00+00:00,,,54.569091,-1.321908,Female,over 34,White - English/Welsh/Scottish/Northern Irish/British,White,Misuse of Drugs Act 1971 (section 23),Controlled drugs,Arrest,,
Person search,2026-01-03T00:00:00+00:00,,,54.533879,-1.290425,Male,over 34,White - English/Welsh/Scottish/Northern Irish/British,White,Misuse of Drugs Act 1971 (section 23),Controlled drugs,A no further action disposal,,
Person search,2026-01-03T00:00:00+00:00,,,54.526284,-1.215989,Male,10-17,White - English/Welsh/Scottish/Northern Irish/British,White,Misuse of Drugs Act 1971 (section 23),Controlled drugs,A no further action disposal,,
Person search,2026-01-03T00:00:00+00:00,,,54.570729,-1.322283,Male,over 34,White - English/Welsh/Scottish/Northern Irish/British,White,Misuse of Drugs Act 1971 (section 23),Evidence of offences under the Act,A no further action disposal,,
Person search,2026-01-03T00:00:00+00:00,,,54.570729,-1.322283,Female,over 34,White - English/Welsh/Scottish/Northern Irish/British,White,Misuse of Drugs Act 1971 (section 23),Evidence of offences under the Act,A no further action disposal,,
Person and Vehicle search,2026-01-03T00:00:00+00:00,,,54.570729,-1.322283,,,,,Misuse of Drugs Act 1971 (section 23),Evidence of offences under the Act,A no further action disposal,,
Person search,2026-01-03T00:00:00+00:00,,,54.564118,-1.318001,Male,over 34,White - English/Welsh/Scottish/Northern Irish/British,White,Misuse of Drugs Act 1971 (section 23),Controlled drugs,,,
Person search,2026-01-03T00:00:00+00:00,,,54.564118,-1.318001,Male,over 34,White - English/Welsh/Scottish/Northern Irish/British,White,Misuse of Drugs Act 1971 (section 23),Controlled drugs,,,
Person search,2026-01-04T00:00:00+00:00,,,54.552414,-1.150103,Female,25-34,,White,Misuse of Drugs Act 1971 (section 23),Controlled drugs,,True,
Person search,2026-01-04T00:00:00+00:00,,,54.611347,-1.085347,Male,over 34,White - English/Welsh/Scottish/Northern Irish/British,White,Misuse of Drugs Act 1971 (section 23),Controlled drugs,Arrest,,
Person search,2026-01-04T00:00:00+00:00,,,54.582976,-1.353010,Male,18-24,White - English/Welsh/Scottish/Northern Irish/British,White,Misuse of Drugs Act 1971 (section 23),Controlled drugs,,,
Person search,2026-01-04T00:00:00+00:00,,,54.611347,-1.085347,Male,25-34,White - English/Welsh/Scottish/Northern Irish/British,White,Misuse of Drugs Act 1971 (section 23),Controlled drugs,A no further action disposal,,
Person search,2026-01-04T00:00:00+00:00,,,54.562823,-1.317852,Male,25-34,White - English/Welsh/Scottish/Northern Irish/British,White,Misuse of Drugs Act 1971 (section 23),Controlled drugs,,True,
Person search,2026-01-04T00:00:00+00:00,,,,,Male,over 34,White - English/Welsh/Scottish/Northern Irish/British,White,Police and Criminal Evidence Act 1984 (section 1),,A no further action disposal,,
Vehicle search,2026-01-04T00:00:00+00:00,,,54.664266,-1.226358,,,,,Police and Criminal Evidence Act 1984 (section 1),Article for use in theft,,True,
Person search,2026-01-04T00:00:00+00:00,,,54.610862,-1.081735,Male,25-34,White - English/Welsh/Scottish/Northern Irish/British,White,Misuse of Drugs Act 1971 (section 23),Controlled drugs,A no further action disposal,,
Person search,2026-01-04T00:00:00+00:00,,,54.610862,-1.081735,Male,25-34,White - English/Welsh/Scottish/Northern Irish/British,White,Misuse of Drugs Act 1971 (section 23),Controlled drugs,A no further action disposal,,
Person search,2026-01-04T00:00:00+00:00,,,54.617593,-1.067600,Male,over 34,White - English/Welsh/Scottish/Northern Irish/British,White,Police and Criminal Evidence Act 1984 (section 1),Article for use in theft,A no further action disposal,,
Person search,2026-01-04T00:00:00+00:00,,,54.565752,-1.225239,Male,over 34,White - English/Welsh/Scottish/Northern Irish/British,White,Misuse of Drugs Act 1971 (section 23),Controlled drugs,A no further action disposal,,
Person search,2026-01-04T00:00:00+00:00,,,54.568421,-1.320976,Male,25-34,White - English/Welsh/Scottish/Northern Irish/British,White,Misuse of Drugs Act 1971 (section 23),Controlled drugs,A no further action disposal,,
Person search,2026-01-04T00:00:00+00:00,,,54.568049,-1.320240,Male,25-34,White - English/Welsh/Scottish/Northern Irish/British,White,Misuse of Drugs Act 1971 (section 23),Controlled drugs,A no further action disposal,,
Person search,2026-01-04T00:00:00+00:00,,,54.617418,-1.064770,Female,over 34,,White,Misuse of Drugs Act 1971 (section 23),Controlled drugs,A no further action disposal,,
Person and Vehicle search,2026-01-04T00:00:00+00:00,,,54.617418,-1.064770,,,,,Misuse of Drugs Act 1971 (section 23),Controlled drugs,A no further action disposal,,
Person search,2026-01-04T00:00:00+00:00,,,54.615023,-1.067705,Male,10-17,White - English/Welsh/Scottish/Northern Irish/British,White,Misuse of Drugs Act 1971 (section 23),Controlled drugs,A no further action disposal,,
Person search,2026-01-04T00:00:00+00:00,,,54.530661,-1.000244,Male,25-34,White - English/Welsh/Scottish/Northern Irish/British,White,Police and Criminal Evidence Act 1984 (section 1),Article for use in theft,A no further action disposal,,
Person search,2026-01-04T00:00:00+00:00,,,54.605258,-1.101461,Male,over 34,White - English/Welsh/Scottish/Northern Irish/British,White,Misuse of Drugs Act 1971 (section 23),Controlled drugs,A no further action disposal,,
Person search,2026-01-04T00:00:00+00:00,,,54.605258,-1.101461,Female,over 34,White - English/Welsh/Scottish/Northern Irish/British,White,Misuse of Drugs Act 1971 (section 23),Controlled drugs,Community resolution,True,
Person search,2026-01-04T00:00:00+00:00,,,54.561724,-1.178612,Male,18-24,White - English/Welsh/Scottish/Northern Irish/British,White,Misuse of Drugs Act 1971 (section 23),Controlled drugs,A no further action disposal,,
Person search,2026-01-04T00:00:00+00:00,,,54.566205,-1.310449,Male,10-17,White - English/Welsh/Scottish/Northern Irish/British,White,Misuse of Drugs Act 1971 (section 23),Controlled drugs,A no further action disposal,,
Person search,2026-01-04T00:00:00+00:00,,,54.617593,-1.067600,Male,over 34,White - English/Welsh/Scottish/Northern Irish/British,White,Police and Criminal Evidence Act 1984 (section 1),Stolen goods,A no further action disposal,,
Person search,2026-01-05T00:00:00+00:00,,,54.579734,-1.178591,Male,25-34,,White,Misuse of Drugs Act 1971 (section 23),Controlled drugs,A no further action disposal,,
Person search,2026-01-05T00:00:00+00:00,,,54.569191,-1.137087,Female,over 34,White - English/Welsh/Scottish/Northern Irish/British,White,Misuse of Drugs Act 1971 (section 23),Controlled drugs,A no further action disposal,,
Person search,2026-01-05T00:00:00+00:00,,,54.692932,-1.254670,Male,over 34,White - English/Welsh/Scottish/Northern Irish/British,White,Misuse of Drugs Act 1971 (section 23),Controlled drugs,,False,
Person search,2026-01-05T00:00:00+00:00,,,54.569197,-1.139206,Male,over 34,White - English/Welsh/Scottish/Northern Irish/British,White,Police and Criminal Evidence Act 1984 (section 1),Offensive weapons,Arrest,True,
Person search,2026-01-05T00:00:00+00:00,,,54.619547,-1.071566,Male,18-24,White - English/Welsh/Scottish/Northern Irish/British,White,Misuse of Drugs Act 1971 (section 23),Controlled drugs,,True,
Person search,2026-01-05T00:00:00+00:00,,,54.556693,-1.253800,Male,over 34,White - English/Welsh/Scottish/Northern Irish/British,White,Police and Criminal Evidence Act 1984 (section 1),,Arrest,False,
Person search,2026-01-05T00:00:00+00:00,,,54.570139,-1.329207,Male,18-24,White - English/Welsh/Scottish/Northern Irish/British,White,Misuse of Drugs Act 1971 (section 23),Controlled drugs,Arrest,True,
Person search,2026-01-05T00:00:00+00:00,,,54.568003,-1.312244,Male,over 34,White - English/Welsh/Scottish/Northern Irish/British,White,Misuse of Drugs Act 1971 (section 23),Controlled drugs,Summons / charged by post,True,
Person search,2026-01-05T00:00:00+00:00,,,54.565980,-1.258704,Male,over 34,White - English/Welsh/Scottish/Northern Irish/British,White,Misuse of Drugs Act 1971 (section 23),Controlled drugs,A no further action disposal,,
Person search,2026-01-05T00:00:00+00:00,,,54.577350,-1.234332,Male,18-24,,White,Misuse of Drugs Act 1971 (section 23),Controlled drugs,A no further action disposal,,
Person search,2026-01-05T00:00:00+00:00,,,54.569371,-1.325291,Male,over 34,White - English/Welsh/Scottish/Northern Irish/British,White,Misuse of Drugs Act 1971 (section 23),Controlled drugs,A no further action disposal,,
Person and Vehicle search,2026-01-05T00:00:00+00:00,,,54.569371,-1.325291,,,,,Misuse of Drugs Act 1971 (section 23),Controlled drugs,A no further action disposal,,
Person search,2026-01-05T00:00:00+00:00,,,54.562823,-1.317852,Male,over 34,White - English/Welsh/Scottish/Northern Irish/British,White,Misuse of Drugs Act 1971 (section 23),Evidence of offences under the Act,A no further action disposal,False,
Person search,2026-01-05T00:00:00+00:00,,,54.562790,-1.318440,Female,over 34,White - English/Welsh/Scottish/Northern Irish/British,White,Misuse of Drugs Act 1971 (section 23),Controlled drugs,A no further action disposal,,
Person and Vehicle search,2026-01-05T00:00:00+00:00,,,54.562790,-1.318440,,,,,Misuse of Drugs Act 1971 (section 23),Controlled drugs,A no further action disposal,,
Person search,2026-01-05T00:00:00+00:00,,,54.574359,-1.309415,Female,over 34,White - English/Welsh/Scottish/Northern Irish/British,White,Misuse of Drugs Act 1971 (section 23),Controlled drugs,A no further action disposal,,
Person and Vehicle search,2026-01-05T00:00:00+00:00,,,54.574359,-1.309415,,,,,Misuse of Drugs Act 1971 (section 23),Controlled drugs,,,
Person search,2026-01-06T00:00:00+00:00,,,54.581850,-1.326168,Male,25-34,White - English/Welsh/Scottish/Northern Irish/British,White,Misuse of Drugs Act 1971 (section 23),Controlled drugs,Arrest,True,
Vehicle search,2026-01-06T00:00:00+00:00,,,54.697559,-1.221691,,,,,Police and Criminal Evidence Act 1984 (section 1),,A no further action disposal,,
Person search,2026-01-06T00:00:00+00:00,,,54.565544,-1.247731,Male,over 34,Other ethnic group - Not stated,,Misuse of Drugs Act 1971 (section 23),Controlled drugs,Arrest,False,
Person search,2026-01-06T00:00:00+00:00,,,54.566219,-1.314486,Male,18-24,White - English/Welsh/Scottish/Northern Irish/British,White,Misuse of Drugs Act 1971 (section 23),Controlled drugs,A no further action disposal,,
Person search,2026-01-06T00:00:00+00:00,,,54.549751,-1.227459,Male,10-17,,White,Misuse of Drugs Act 1971 (section 23),Controlled drugs,A no further action disposal,False,
Person search,2026-01-07T00:00:00+00:00,,,54.567378,-0.963245,Male,18-24,White - English/Welsh/Scottish/Northern Irish/British,White,Misuse of Drugs Act 1971 (section 23),Controlled drugs,Caution (simple or conditional),True,
Person search,2026-01-07T00:00:00+00:00,,,54.575300,-1.238548,Male,25-34,White - English/Welsh/Scottish/Northern Irish/British,White,Police and Criminal Evidence Act 1984 (section 1),Stolen goods,Arrest,True,
Person search,2026-01-07T00:00:00+00:00,,,,,Male,over 34,White - English/Welsh/Scottish/Northern Irish/British,White,Police and Criminal Evidence Act 1984 (section 1),Stolen goods,A no further action disposal,,
Vehicle search,2026-01-07T00:00:00+00:00,,,54.632854,-1.281407,,,,,Misuse of Drugs Act 1971 (section 23),Controlled drugs,,True,
Person search,2026-01-07T00:00:00+00:00,,,54.564488,-1.357803,Male,18-24,White - English/Welsh/Scottish/Northern Irish/British,White,Misuse of Drugs Act 1971 (section 23),Controlled drugs,A no further action disposal,,
Person and Vehicle search,2026-01-07T00:00:00+00:00,,,54.564488,-1.357803,,,,,Misuse of Drugs Act 1971 (section 23),Controlled drugs,,,
Person search,2026-01-07T00:00:00+00:00,,,54.564488,-1.357803,Male,10-17,,,Misuse of Drugs Act 1971 (section 23),Controlled drugs,Summons / charged by post,,
Person search,2026-01-07T00:00:00+00:00,,,,,Male,over 34,White - English/Welsh/Scottish/Northern Irish/British,White,Misuse of Drugs Act 1971 (section 23),Controlled drugs,A no further action disposal,,
Person search,2026-01-07T00:00:00+00:00,,,54.579656,-1.174987,Male,25-34,White - English/Welsh/Scottish/Northern Irish/British,White,Misuse of Drugs Act 1971 (section 23),Controlled drugs,A no further action disposal,,
Person and Vehicle search,2026-01-07T00:00:00+00:00,,,54.579656,-1.174987,,,,,Misuse of Drugs Act 1971 (section 23),Controlled drugs,A no further action disposal,,
Person search,2026-01-07T00:00:00+00:00,,,54.522472,-1.214301,Male,10-17,Mixed/Multiple ethnic groups - Any other Mixed/Multiple ethnic background,,Police and Criminal Evidence Act 1984 (section 1),,A no further action disposal,,
Person search,2026-01-07T00:00:00+00:00,,,54.569846,-1.243011,Male,18-24,White - English/Welsh/Scottish/Northern Irish/British,White,Misuse of Drugs Act 1971 (section 23),Controlled drugs,A no further action disposal,,
Person search,2026-01-07T00:00:00+00:00,,,54.523434,-1.239791,Male,18-24,White - English/Welsh/Scottish/Northern Irish/British,White,Misuse of Drugs Act 1971 (section 23),Controlled drugs,,True,
Person search,2026-01-07T00:00:00+00:00,,,54.603489,-1.277636,Male,,White - Irish,White,Police and Criminal Evidence Act 1984 (section 1),,A no further action disposal,,
Person and Vehicle search,2026-01-08T00:00:00+00:00,,,54.558989,-1.321751,,,,,Misuse of Drugs Act 1971 (section 23),Controlled drugs,,,
Person search,2026-01-08T00:00:00+00:00,,,54.574359,-1.309415,Male,18-24,White - English/Welsh/Scottish/Northern Irish/British,White,Misuse of Drugs Act 1971 (section 23),Evidence of offences under the Act,A no further action disposal,,
Person search,2026-01-08T00:00:00+00:00,,,54.674115,-1.210974,Male,over 34,White - English/Welsh/Scottish/Northern Irish/British,White,Misuse of Drugs Act 1971 (section 23),Controlled drugs,,,
Person search,2026-01-08T00:00:00+00:00,,,54.567595,-1.258288,Male,10-17,White - English/Welsh/Scottish/Northern Irish/British,White,Misuse of Drugs Act 1971 (section 23),Controlled drugs,Arrest,,
Person search,2026-01-08T00:00:00+00:00,,,54.569135,-1.315226,Male,over 34,White - English/Welsh/Scottish/Northern Irish/British,White,Misuse of Drugs Act 1971 (section 23),Controlled drugs,Arrest,True,
Person search,2026-01-08T00:00:00+00:00,,,54.570349,-1.241517,Male,25-34,White - English/Welsh/Scottish/Northern Irish/British,White,Misuse of Drugs Act 1971 (section 23),Controlled drugs,A no further action disposal,,
Person search,2026-01-08T00:00:00+00:00,,,54.582928,-1.297619,Male,over 34,White - English/Welsh/Scottish/Northern Irish/British,White,Misuse of Drugs Act 1971 (section 23),Controlled drugs,A no further action disposal,,
Person search,2026-01-08T00:00:00+00:00,,,54.558555,-1.324557,Male,10-17,White - English/Welsh/Scottish/Northern Irish/British,White,Police and Criminal Evidence Act 1984 (section 1),Offensive weapons,A no further action disposal,,
Person search,2026-01-08T00:00:00+00:00,,,54.558555,-1.324557,Male,10-17,White - English/Welsh/Scottish/Northern Irish/British,White,Police and Criminal Evidence Act 1984 (section 1),Offensive weapons,A no further action disposal,,
Person search,2026-01-08T00:00:00+00:00,,,,,Male,over 34,White - English/Welsh/Scottish/Northern Irish/British,White,Misuse of Drugs Act 1971 (section 23),Controlled drugs,A no further action disposal,,
Person search,2026-01-08T00:00:00+00:00,,,,,Male,over 34,White - English/Welsh/Scottish/Northern Irish/British,White,Misuse of Drugs Act 1971 (section 23),Controlled drugs,A no further action disposal,,
Person search,2026-01-08T00:00:00+00:00,,,54.558989,-1.321751,Male,over 34,,,Misuse of Drugs Act 1971 (section 23),Controlled drugs,,,
Person search,2026-01-08T00:00:00+00:00,,,54.558989,-1.321751,Male,over 34,,,Misuse of Drugs Act 1971 (section 23),Controlled drugs,,,
Person search,2026-01-09T00:00:00+00:00,,,54.580304,-1.236892,Female,25-34,White - English/Welsh/Scottish/Northern Irish/British,White,Misuse of Drugs Act 1971 (section 23),Controlled drugs,A no further action disposal,,
Person and Vehicle search,2026-01-09T00:00:00+00:00,,,54.580304,-1.236892,,,,,Misuse of Drugs Act 1971 (section 23),Controlled drugs,A no further action disposal,,
Person search,2026-01-09T00:00:00+00:00,,,54.528020,-1.214782,Male,10-17,White - English/Welsh/Scottish/Northern Irish/British,White,Police and Criminal Evidence Act 1984 (section 1),Offensive weapons,,,
Person search,2026-01-09T00:00:00+00:00,,,54.583499,-1.351686,Male,25-34,White - English/Welsh/Scottish/Northern Irish/British,White,Police and Criminal Evidence Act 1984 (section 1),Offensive weapons,A no further action disposal,,
Person search,2026-01-09T00:00:00+00:00,,,54.566213,-1.307232,Female,18-24,Other ethnic group - Not stated,White,Police and Criminal Evidence Act 1984 (section 1),,A no further action disposal,,
Person search,2026-01-09T00:00:00+00:00,,,54.569930,-1.205640,Male,18-24,,White,Misuse of Drugs Act 1971 (section 23),Controlled drugs,A no further action disposal,,
Person search,2026-01-09T00:00:00+00:00,,,54.593647,-1.084676,Male,over 34,White - English/Welsh/Scottish/Northern Irish/British,White,Misuse of Drugs Act 1971 (section 23),Controlled drugs,A no further action disposal,,
Person search,2026-01-09T00:00:00+00:00,,,54.593647,-1.084676,Male,18-24,White - English/Welsh/Scottish/Northern Irish/British,White,Misuse of Drugs Act 1971 (section 23),Controlled drugs,A no further action disposal,,
Person search,2026-01-09T00:00:00+00:00,,,54.580304,-1.236892,Male,over 34,White - English/Welsh/Scottish/Northern Irish/British,White,Misuse of Drugs Act 1971 (section 23),Controlled drugs,A no further action disposal,,
Person search,2026-01-10T00:00:00+00:00,,,54.526284,-1.215989,Male,10-17,White - English/Welsh/Scottish/Northern Irish/British,White,Misuse of Drugs Act 1971 (section 23),Controlled drugs,A no further action disposal,,
Person search,2026-01-10T00:00:00+00:00,,,54.573635,-1.223991,Male,25-34,White - English/Welsh/Scottish/Northern Irish/British,White,Police and Criminal Evidence Act 1984 (section 1),Article for use in theft,A no further action disposal,,
Person search,2026-01-10T00:00:00+00:00,,,54.574871,-1.224695,Male,10-17,White - English/Welsh/Scottish/Northern Irish/British,White,Misuse of Drugs Act 1971 (section 23),Controlled drugs,,True,
Person search,2026-01-10T00:00:00+00:00,,,54.578325,-1.306733,Male,over 34,White - English/Welsh/Scottish/Northern Irish/British,White,Misuse of Drugs Act 1971 (section 23),Controlled drugs,,True,
Person search,2026-01-10T00:00:00+00:00,,,54.687357,-1.225609,Male,25-34,White - English/Welsh/Scottish/Northern Irish/British,White,Misuse of Drugs Act 1971 (section 23),Controlled drugs,,True,
Person search,2026-01-10T00:00:00+00:00,,,54.595755,-1.316993,Male,10-17,White - English/Welsh/Scottish/Northern Irish/British,White,Police and Criminal Evidence Act 1984 (section 1),Offensive weapons,A no further action disposal,,
Person search,2026-01-10T00:00:00+00:00,,,54.580304,-1.236892,Male,18-24,,White,Misuse of Drugs Act 1971 (section 23),Controlled drugs,,True,
Vehicle search,2026-01-10T00:00:00+00:00,,,54.599005,-1.082528,,,,,Police and Criminal Evidence Act 1984 (section 1),Offensive weapons,,True,
Person search,2026-01-10T00:00:00+00:00,,,,,Male,18-24,White - English/Welsh/Scottish/Northern Irish/British,White,Misuse of Drugs Act 1971 (section 23),Evidence of offences under the Act,,True,
Person search,2026-01-10T00:00:00+00:00,,,54.575121,-1.168953,Male,25-34,White - English/Welsh/Scottish/Northern Irish/British,White,Police and Criminal Evidence Act 1984 (section 1),Offensive weapons,,False,
Person search,2026-01-10T00:00:00+00:00,,,54.580814,-1.235103,Male,18-24,White - English/Welsh/Scottish/Northern Irish/British,White,Misuse of Drugs Act 1971 (section 23),Controlled drugs,A no further action disposal,,
Person search,2026-01-10T00:00:00+00:00,,,54.568049,-1.320240,Male,over 34,Black/African/Caribbean/Black British - African,Black,Misuse of Drugs Act 1971 (section 23),Controlled drugs,A no further action disposal,,
Person search,2026-01-10T00:00:00+00:00,,,54.526284,-1.215989,Male,10-17,White - English/Welsh/Scottish/Northern Irish/British,White,Misuse of Drugs Act 1971 (section 23),Controlled drugs,A no further action disposal,,
Person search,2026-01-10T00:00:00+00:00,,,54.563786,-1.192582,Male,18-24,White - English/Welsh/Scottish/Northern Irish/British,White,Misuse of Drugs Act 1971 (section 23),Controlled drugs,,True,
Vehicle search,2026-01-10T00:00:00+00:00,,,54.563786,-1.192582,,,,,Misuse of Drugs Act 1971 (section 23),Controlled drugs,A no further action disposal,,
Person search,2026-01-11T00:00:00+00:00,,,54.572996,-1.305246,Male,25-34,White - English/Welsh/Scottish/Northern Irish/British,White,Misuse of Drugs Act 1971 (section 23),Controlled drugs,A no further action disposal,,
Person search,2026-01-11T00:00:00+00:00,,,54.605597,-1.087969,Male,over 34,White - English/Welsh/Scottish/Northern Irish/British,White,Police and Criminal Evidence Act 1984 (section 1),Article for use in theft,A no further action disposal,,
Person search,2026-01-11T00:00:00+00:00,,,54.680893,-1.220986,Male,25-34,White - English/Welsh/Scottish/Northern Irish/British,White,Police and Criminal Evidence Act 1984 (section 1),Offensive weapons,A no further action disposal,,
Person search,2026-01-11T00:00:00+00:00,,,54.578064,-1.182832,Male,18-24,White - Any other White background,White,Misuse of Drugs Act 1971 (section 23),Controlled drugs,,,
Person search,2026-01-11T00:00:00+00:00,,,54.563535,-1.158285,Male,10-17,White - English/Welsh/Scottish/Northern Irish/British,White,Misuse of Drugs Act 1971 (section 23),Controlled drugs,A no further action disposal,,
Person search,2026-01-11T00:00:00+00:00,,,54.673605,-1.216799,Male,over 34,,White,Police and Criminal Evidence Act 1984 (section 1),Article for use in theft,,False,
Person search,2026-01-12T00:00:00+00:00,,,54.684241,-1.213290,Male,25-34,White - English/Welsh/Scottish/Northern Irish/British,White,Misuse of Drugs Act 1971 (section 23),Controlled drugs,Arrest,True,
Person search,2026-01-12T00:00:00+00:00,,,54.562823,-1.317852,Male,18-24,White - English/Welsh/Scottish/Northern Irish/British,White,Police and Criminal Evidence Act 1984 (section 1),,A no further action disposal,,
Person and Vehicle search,2026-01-12T00:00:00+00:00,,,54.591092,-1.346490,,,,,Misuse of Drugs Act 1971 (section 23),Controlled drugs,A no further action disposal,,
Person search,2026-01-12T00:00:00+00:00,,,54.562823,-1.317852,Male,over 34,White - Any other White background,White,Police and Criminal Evidence Act 1984 (section 1),Article for use in theft,A no further action disposal,,
Person search,2026-01-12T00:00:00+00:00,,,54.683769,-1.216758,Female,over 34,White - English/Welsh/Scottish/Northern Irish/British,White,Misuse of Drugs Act 1971 (section 23),Controlled drugs,,True,
Person search,2026-01-13T00:00:00+00:00,,,54.580304,-1.236892,Male,over 34,White - English/Welsh/Scottish/Northern Irish/British,White,Misuse of Drugs Act 1971 (section 23),Controlled drugs,A no further action disposal,,
Person search,2026-01-13T00:00:00+00:00,,,54.569879,-1.248347,Male,over 34,White - English/Welsh/Scottish/Northern Irish/British,White,Police and Criminal Evidence Act 1984 (section 1),Article for use in theft,A no further action disposal,,
Person search,2026-01-13T00:00:00+00:00,,,54.616614,-1.074761,Male,10-17,White - English/Welsh/Scottish/Northern Irish/British,White,Misuse of Drugs Act 1971 (section 23),Controlled drugs,A no further action disposal,,
Person search,2026-01-13T00:00:00+00:00,,,54.575266,-1.226126,Male,10-17,White - English/Welsh/Scottish/Northern Irish/British,White,Misuse of Drugs Act 1971 (section 23),Controlled drugs,A no further action disposal,,
Person and Vehicle search,2026-01-13T00:00:00+00:00,,,54.575266,-1.226126,,,,,Misuse of Drugs Act 1971 (section 23),Controlled drugs,A no further action disposal,,
Person search,2026-01-13T00:00:00+00:00,,,54.570729,-1.246181,Male,25-34,Other ethnic group - Not stated,Asian,Police and Criminal Evidence Act 1984 (section 1),,A no further action disposal,,
Person search,2026-01-13T00:00:00+00:00,,,54.687793,-1.206800,Male,18-24,Asian/Asian British - Pakistani,Asian,Misuse of Drugs Act 1971 (section 23),Controlled drugs,A no further action disposal,,
Person and Vehicle search,2026-01-13T00:00:00+00:00,,,54.687793,-1.206800,,,,,Misuse of Drugs Act 1971 (section 23),Controlled drugs,A no further action disposal,,
Person search,2026-01-13T00:00:00+00:00,,,54.578395,-1.363633,,18-24,White - English/Welsh/Scottish/Northern Irish/British,White,Misuse of Drugs Act 1971 (section 23),Controlled drugs,A no further action disposal,,
Person search,2026-01-13T00:00:00+00:00,,,54.578395,-1.363633,Male,25-34,White - English/Welsh/Scottish/Northern Irish/British,White,Misuse of Drugs Act 1971 (section 23),Controlled drugs,A no further action disposal,,
Person search,2026-01-13T00:00:00+00:00,,,54.578395,-1.363633,Female,18-24,White - English/Welsh/Scottish/Northern Irish/British,White,Misuse of Drugs Act 1971 (section 23),Controlled drugs,,True,
Vehicle search,2026-01-13T00:00:00+00:00,,,54.578395,-1.363633,,,,,Misuse of Drugs Act 1971 (section 23),Controlled drugs,A no further action disposal,,
Person search,2026-01-13T00:00:00+00:00,,,54.603560,-1.042873,Male,over 34,White - English/Welsh/Scottish/Northern Irish/British,White,Police and Criminal Evidence Act 1984 (section 1),Offensive weapons,A no further action disposal,,
Person search,2026-01-13T00:00:00+00:00,,,54.549456,-1.226151,Male,25-34,White - English/Welsh/Scottish/Northern Irish/British,White,Misuse of Drugs Act 1971 (section 23),Controlled drugs,A no further action disposal,,
Person search,2026-01-13T00:00:00+00:00,,,54.569713,-1.240415,Male,10-17,White - English/Welsh/Scottish/Northern Irish/British,White,Misuse of Drugs Act 1971 (section 23),Controlled drugs,A no further action disposal,,
Person search,2026-01-13T00:00:00+00:00,,,54.568174,-1.323408,Female,over 34,White - English/Welsh/Scottish/Northern Irish/British,White,Misuse of Drugs Act 1971 (section 23),Controlled drugs,,False,
Person search,2026-01-13T00:00:00+00:00,,,54.570568,-1.337042,Male,over 34,Asian/Asian British - Pakistani,White,Misuse of Drugs Act 1971 (section 23),Controlled drugs,A no further action disposal,,
Person and Vehicle search,2026-01-13T00:00:00+00:00,,,54.570568,-1.337042,,,,,Misuse of Drugs Act 1971 (section 23),Controlled drugs,A no further action disposal,,
Person search,2026-01-13T00:00:00+00:00,,,54.560182,-1.195252,Male,over 34,White - English/Welsh/Scottish/Northern Irish/British,White,Police and Criminal Evidence Act 1984 (section 1),Article for use in theft,A no further action disposal,,
Person search,2026-01-13T00:00:00+00:00,,,54.675449,-1.208715,Male,18-24,White - English/Welsh/Scottish/Northern Irish/British,White,Misuse of Drugs Act 1971 (section 23),Controlled drugs,A no further action disposal,,
Person and Vehicle search,2026-01-13T00:00:00+00:00,,,54.675449,-1.208715,,,,,Misuse of Drugs Act 1971 (section 23),Controlled drugs,,True,
Person search,2026-01-13T00:00:00+00:00,,,54.568174,-1.323408,Male,25-34,,White,Misuse of Drugs Act 1971 (section 23),Controlled drugs,A no further action disposal,,
Person search,2026-01-13T00:00:00+00:00,,,,,Male,over 34,White - English/Welsh/Scottish/Northern Irish/British,White,Misuse of Drugs Act 1971 (section 23),Evidence of offences under the Act,A no further action disposal,,
Person search,2026-01-13T00:00:00+00:00,,,54.568049,-1.320240,Female,over 34,White - English/Welsh/Scottish/Northern Irish/British,White,Misuse of Drugs Act 1971 (section 23),Controlled drugs,A no further action disposal,,
Person and Vehicle search,2026-01-13T00:00:00+00:00,,,54.568049,-1.320240,,,,,Misuse of Drugs Act 1971 (section 23),Controlled drugs,A no further action disposal,,
Person search,2026-01-14T00:00:00+00:00,,,54.553789,-1.303392,Male,25-34,White - English/Welsh/Scottish/Northern Irish/British,White,Police and Criminal Evidence Act 1984 (section 1),Offensive weapons,,,
Person search,2026-01-14T00:00:00+00:00,,,54.553789,-1.303392,Male,over 34,White - English/Welsh/Scottish/Northern Irish/British,White,Police and Criminal Evidence Act 1984 (section 1),Offensive weapons,,,
Person search,2026-01-14T00:00:00+00:00,,,54.582857,-1.347581,Female,,,White,Misuse of Drugs Act 1971 (section 23),Controlled drugs,A no further action disposal,,
Person search,2026-01-14T00:00:00+00:00,,,54.553789,-1.303392,Male,25-34,White - English/Welsh/Scottish/Northern Irish/British,White,Police and Criminal Evidence Act 1984 (section 1),Offensive weapons,Arrest,False,
Person search,2026-01-14T00:00:00+00:00,,,54.554091,-1.302737,Male,10-17,White - English/Welsh/Scottish/Northern Irish/British,White,Police and Criminal Evidence Act 1984 (section 1),Offensive weapons,Arrest,False,
Vehicle search,2026-01-14T00:00:00+00:00,,,54.554091,-1.302737,,,,,Police and Criminal Evidence Act 1984 (section 1),Offensive weapons,Arrest,False,
Person search,2026-01-14T00:00:00+00:00,,,54.566205,-1.310449,Male,over 34,Asian/Asian British - Any other Asian background,Asian,Misuse of Drugs Act 1971 (section 23),Controlled drugs,A no further action disposal,,
Person search,2026-01-14T00:00:00+00:00,,,,,Male,25-34,Asian/Asian British - Any other Asian background,Asian,Misuse of Drugs Act 1971 (section 23),Controlled drugs,Arrest,,
Vehicle search,2026-01-14T00:00:00+00:00,,,,,,,,,Misuse of Drugs Act 1971 (section 23),Controlled drugs,A no further action disposal,,
Person search,2026-01-14T00:00:00+00:00,,,54.580304,-1.236892,Male,10-17,Black/African/Caribbean/Black British - Any other Black/African/Caribbean background,Asian,Police and Criminal Evidence Act 1984 (section 1),Offensive weapons,A no further action disposal,,
Person search,2026-01-14T00:00:00+00:00,,,54.617873,-1.060857,Male,over 34,White - English/Welsh/Scottish/Northern Irish/British,White,Misuse of Drugs Act 1971 (section 23),Controlled drugs,A no further action disposal,,
Person search,2026-01-14T00:00:00+00:00,,,54.687475,-1.215989,Male,over 34,White - English/Welsh/Scottish/Northern Irish/British,White,Misuse of Drugs Act 1971 (section 23),Controlled drugs,A no further action disposal,,
Vehicle search,2026-01-14T00:00:00+00:00,,,54.687475,-1.215989,,,,,Misuse of Drugs Act 1971 (section 23),Controlled drugs,A no further action disposal,,
Person search,2026-01-15T00:00:00+00:00,,,54.568934,-1.219688,Male,over 34,White - English/Welsh/Scottish/Northern Irish/British,White,Misuse of Drugs Act 1971 (section 23),Controlled drugs,A no further action disposal,,
Vehicle search,2026-01-15T00:00:00+00:00,,,54.568934,-1.219688,,,,,Misuse of Drugs Act 1971 (section 23),Controlled drugs,A no further action disposal,,
Person search,2026-01-15T00:00:00+00:00,,,54.687842,-1.217052,Male,over 34,White - English/Welsh/Scottish/Northern Irish/British,White,Misuse of Drugs Act 1971 (section 23),Controlled drugs,Arrest,True,
Person search,2026-01-15T00:00:00+00:00,,,54.565393,-1.255404,Male,10-17,Asian/Asian British - Chinese,Black,Misuse of Drugs Act 1971 (section 23),Controlled drugs,A no further action disposal,,
Person search,2026-01-15T00:00:00+00:00,,,54.563655,-1.244703,Male,10-17,,,Police and Criminal Evidence Act 1984 (section 1),Offensive weapons,A no further action disposal,,
Person search,2026-01-15T00:00:00+00:00,,,54.571932,-1.162691,Female,25-34,White - English/Welsh/Scottish/Northern Irish/British,White,Police and Criminal Evidence Act 1984 (section 1),Article for use in theft,A no further action disposal,,
Person search,2026-01-15T00:00:00+00:00,,,54.692485,-1.218018,Male,18-24,,White,Misuse of Drugs Act 1971 (section 23),Controlled drugs,Community resolution,,
Person search,2026-01-15T00:00:00+00:00,,,54.557948,-1.309274,Male,18-24,White - English/Welsh/Scottish/Northern Irish/British,White,Misuse of Drugs Act 1971 (section 23),Controlled drugs,Caution (simple or conditional),True,
Person search,2026-01-15T00:00:00+00:00,,,54.568716,-1.186592,Male,18-24,White - English/Welsh/Scottish/Northern Irish/British,White,Misuse of Drugs Act 1971 (section 23),Controlled drugs,Summons / charged by post,False,
Person search,2026-01-15T00:00:00+00:00,,,54.579219,-1.234437,,,,White,Misuse of Drugs Act 1971 (section 23),Controlled drugs,A no further action disposal,,
Person search,2026-01-15T00:00:00+00:00,,,54.687346,-1.233676,Male,over 34,White - English/Welsh/Scottish/Northern Irish/British,White,Misuse of Drugs Act 1971 (section 23),Controlled drugs,Community resolution,,
Person search,2026-01-15T00:00:00+00:00,,,54.580274,-1.236320,Male,25-34,Black/African/Caribbean/Black British - African,Black,Police and Criminal Evidence Act 1984 (section 1),Offensive weapons,,,
Person search,2026-01-15T00:00:00+00:00,,,54.550266,-1.250733,Male,25-34,Asian/Asian British - Pakistani,Asian,Misuse of Drugs Act 1971 (section 23),Controlled drugs,Arrest,True,
Person search,2026-01-15T00:00:00+00:00,,,54.566205,-1.310449,Male,over 34,White - English/Welsh/Scottish/Northern Irish/British,White,Misuse of Drugs Act 1971 (section 23),Controlled drugs,A no further action disposal,,
Person search,2026-01-15T00:00:00+00:00,,,54.568421,-1.320976,Male,25-34,White - English/Welsh/Scottish/Northern Irish/British,White,Misuse of Drugs Act 1971 (section 23),Evidence of offences under the Act,A no further action disposal,,
Person search,2026-01-15T00:00:00+00:00,,,54.571246,-1.219999,Male,over 34,White - English/Welsh/Scottish/Northern Irish/British,White,Misuse of Drugs Act 1971 (section 23),Controlled drugs,,,
Person search,2026-01-15T00:00:00+00:00,,,54.525828,-1.208025,Male,10-17,White - English/Welsh/Scottish/Northern Irish/British,White,Police and Criminal Evidence Act 1984 (section 1),,,,
Person search,2026-01-15T00:00:00+00:00,,,,,Female,over 34,White - English/Welsh/Scottish/Northern Irish/British,White,Misuse of Drugs Act 1971 (section 23),Controlled drugs,,,
Person search,2026-01-16T00:00:00+00:00,,,54.573184,-1.229352,Male,10-17,White - English/Welsh/Scottish/Northern Irish/British,White,Misuse of Drugs Act 1971 (section 23),Controlled drugs,A no further action disposal,,
Person search,2026-01-16T00:00:00+00:00,,,54.618935,-1.069195,Male,over 34,White - English/Welsh/Scottish/Northern Irish/British,White,Misuse of Drugs Act 1971 (section 23),Controlled drugs,,True,
Vehicle search,2026-01-16T00:00:00+00:00,,,54.668852,-1.246722,,,,,Misuse of Drugs Act 1971 (section 23),Controlled drugs,,True,
Person search,2026-01-16T00:00:00+00:00,,,54.668852,-1.246722,Male,25-34,White - Any other White background,White,Misuse of Drugs Act 1971 (section 23),Controlled drugs,Arrest,False,
Person and Vehicle search,2026-01-16T00:00:00+00:00,,,54.668852,-1.246722,,,,,Misuse of Drugs Act 1971 (section 23),Controlled drugs,Arrest,True,
Vehicle search,2026-01-16T00:00:00+00:00,,,54.547087,-1.177731,,,,,Misuse of Drugs Act 1971 (section 23),Controlled drugs,Caution (simple or conditional),True,
Vehicle search,2026-01-16T00:00:00+00:00,,,54.547087,-1.177731,,,,,Misuse of Drugs Act 1971 (section 23),Controlled drugs,A no further action disposal,,
Person search,2026-01-16T00:00:00+00:00,,,54.553642,-1.147094,Female,over 34,White - English/Welsh/Scottish/Northern Irish/British,White,Police and Criminal Evidence Act 1984 (section 1),Stolen goods,A no further action disposal,,
Person search,2026-01-16T00:00:00+00:00,,,54.593647,-1.084676,Male,18-24,White - English/Welsh/Scottish/Northern Irish/British,White,Misuse of Drugs Act 1971 (section 23),Controlled drugs,A no further action disposal,,
Person search,2026-01-16T00:00:00+00:00,,,54.675519,-1.220980,Male,25-34,White - English/Welsh/Scottish/Northern Irish/British,White,Police and Criminal Evidence Act 1984 (section 1),Offensive weapons,Arrest,True,
Person search,2026-01-16T00:00:00+00:00,,,54.567011,-1.246729,Male,over 34,White - English/Welsh/Scottish/Northern Irish/British,White,Misuse of Drugs Act 1971 (section 23),Controlled drugs,,True,
Person and Vehicle search,2026-01-16T00:00:00+00:00,,,54.567775,-1.199108,,,,,Police and Criminal Evidence Act 1984 (section 1),Offensive weapons,Summons / charged by post,,
Person search,2026-01-16T00:00:00+00:00,,,54.573012,-1.223570,Male,over 34,White - English/Welsh/Scottish/Northern Irish/British,White,Misuse of Drugs Act 1971 (section 23),Controlled drugs,,,
Person search,2026-01-16T00:00:00+00:00,,,54.567011,-1.246729,Male,over 34,Asian/Asian British - Pakistani,Asian,Misuse of Drugs Act 1971 (section 23),Controlled drugs,A no further action disposal,,
Person search,2026-01-16T00:00:00+00:00,,,,,Female,over 34,White - English/Welsh/Scottish/Northern Irish/British,White,Police and Criminal Evidence Act 1984 (section 1),Stolen goods,Arrest,True,
Person search,2026-01-16T00:00:00+00:00,,,54.572775,-1.223095,Female,18-24,White - English/Welsh/Scottish/Northern Irish/British,White,Misuse of Drugs Act 1971 (section 23),Controlled drugs,,,
Person search,2026-01-16T00:00:00+00:00,,,54.577278,-1.225980,Male,10-17,White - English/Welsh/Scottish/Northern Irish/British,White,Misuse of Drugs Act 1971 (section 23),Controlled drugs,,,
Person search,2026-01-17T00:00:00+00:00,,,54.578018,-1.360421,Male,10-17,White - English/Welsh/Scottish/Northern Irish/British,White,Police and Criminal Evidence Act 1984 (section 1),Article for use in theft,A no further action disposal,,
Person search,2026-01-17T00:00:00+00:00,,,54.680529,-1.217410,Male,over 34,White - English/Welsh/Scottish/Northern Irish/British,White,Police and Criminal Evidence Act 1984 (section 1),Article for use in theft,A no further action disposal,,
Person search,2026-01-17T00:00:00+00:00,,,54.582741,-1.357872,Male,25-34,,White,Misuse of Drugs Act 1971 (section 23),Controlled drugs,Arrest,False,
Person search,2026-01-17T00:00:00+00:00,,,54.568174,-1.323408,Male,25-34,White - English/Welsh/Scottish/Northern Irish/British,White,Police and Criminal Evidence Act 1984 (section 1),Offensive weapons,A no further action disposal,,
Person search,2026-01-17T00:00:00+00:00,,,54.568174,-1.323408,Male,18-24,White - English/Welsh/Scottish/Northern Irish/British,White,Police and Criminal Evidence Act 1984 (section 1),Offensive weapons,A no further action disposal,,
Person search,2026-01-17T00:00:00+00:00,,,54.598645,-1.075416,Male,over 34,White - English/Welsh/Scottish/Northern Irish/British,White,Police and Criminal Evidence Act 1984 (section 1),Offensive weapons,A no further action disposal,,
Person search,2026-01-17T00:00:00+00:00,,,54.690703,-1.209714,Male,over 34,White - English/Welsh/Scottish/Northern Irish/British,White,Police and Criminal Evidence Act 1984 (section 1),Stolen goods,A no further action disposal,,
Person search,2026-01-17T00:00:00+00:00,,,54.555444,-1.298895,Male,25-34,White - English/Welsh/Scottish/Northern Irish/British,White,Misuse of Drugs Act 1971 (section 23),Controlled drugs,Arrest,True,
Person search,2026-01-17T00:00:00+00:00,,,54.617418,-1.064770,Male,25-34,White - English/Welsh/Scottish/Northern Irish/British,White,Misuse of Drugs Act 1971 (section 23),Controlled drugs,A no further action disposal,,
Person search,2026-01-17T00:00:00+00:00,,,54.616614,-1.074761,Male,10-17,White - English/Welsh/Scottish/Northern Irish/British,White,Misuse of Drugs Act 1971 (section 23),Controlled drugs,Summons / charged by post,True,
Person search,2026-01-17T00:00:00+00:00,,,54.578018,-1.360421,Male,10-17,White - English/Welsh/Scottish/Northern Irish/British,White,Police and Criminal Evidence Act 1984 (section 1),Article for use in theft,A no further action disposal,,
Person search,2026-01-17T00:00:00+00:00,,,54.564881,-1.251083,Male,10-17,Asian/Asian British - Indian,White,Police and Criminal Evidence Act 1984 (section 1),Article for use in theft,A no further action disposal,,
Person search,2026-01-18T00:00:00+00:00,,,54.575284,-1.236042,Male,10-17,White - English/Welsh/Scottish/Northern Irish/British,White,Police and Criminal Evidence Act 1984 (section 1),Offensive weapons,A no further action disposal,,
Vehicle search,2026-01-18T00:00:00+00:00,,,,,,,,,Misuse of Drugs Act 1971 (section 23),Controlled drugs,A no further action disposal,,
Person search,2026-01-18T00:00:00+00:00,,,54.561524,-1.313838,Male,over 34,White - English/Welsh/Scottish/Northern Irish/British,White,Misuse of Drugs Act 1971 (section 23),Controlled drugs,A no further action disposal,,
Person search,2026-01-18T00:00:00+00:00,,,54.564071,-1.367444,Male,18-24,White - English/Welsh/Scottish/Northern Irish/British,White,Police and Criminal Evidence Act 1984 (section 1),Article for use in theft,A no further action disposal,,
Person search,2026-01-18T00:00:00+00:00,,,54.689027,-1.204542,,18-24,White - English/Welsh/Scottish/Northern Irish/British,White,Misuse of Drugs Act 1971 (section 23),,Community resolution,True,
Person search,2026-01-18T00:00:00+00:00,,,54.554207,-1.143077,Female,over 34,White - English/Welsh/Scottish/Northern Irish/British,White,Police and Criminal Evidence Act 1984 (section 1),Article for use in theft,A no further action disposal,,
Person search,2026-01-18T00:00:00+00:00,,,54.679971,-1.217328,Male,over 34,White - English/Welsh/Scottish/Northern Irish/British,White,Misuse of Drugs Act 1971 (section 23),Controlled drugs,A no further action disposal,,
Person search,2026-01-18T00:00:00+00:00,,,54.553642,-1.147094,Male,over 34,White - English/Welsh/Scottish/Northern Irish/British,White,Police and Criminal Evidence Act 1984 (section 1),Article for use in theft,A no further action disposal,,
Person search,2026-01-18T00:00:00+00:00,,,54.553095,-1.149718,Male,over 34,White - English/Welsh/Scottish/Northern Irish/British,White,Police and Criminal Evidence Act 1984 (section 1),Article for use in theft,A no further action disposal,,
Person and Vehicle search,2026-01-18T00:00:00+00:00,,,54.553095,-1.149718,,,,,Police and Criminal Evidence Act 1984 (section 1),Article for use in theft,A no further action disposal,,
Person search,2026-01-18T00:00:00+00:00,,,,,Female,over 34,White - English/Welsh/Scottish/Northern Irish/British,White,Police and Criminal Evidence Act 1984 (section 1),Article for use in theft,A no further action disposal,,
Person search,2026-01-18T00:00:00+00:00,,,54.578765,-1.235002,Male,10-17,White - English/Welsh/Scottish/Northern Irish/British,White,Police and Criminal Evidence Act 1984 (section 1),Offensive weapons,A no further action disposal,,
Person search,2026-01-18T00:00:00+00:00,,,54.570400,-1.180418,Male,25-34,White - English/Welsh/Scottish/Northern Irish/British,White,Police and Criminal Evidence Act 1984 (section 1),Offensive weapons,A no further action disposal,,
Person search,2026-01-18T00:00:00+00:00,,,54.522764,-1.216428,Male,10-17,White - English/Welsh/Scottish/Northern Irish/British,White,Police and Criminal Evidence Act 1984 (section 1),,A no further action disposal,,
Person search,2026-01-18T00:00:00+00:00,,,54.522764,-1.216428,Male,10-17,,,Police and Criminal Evidence Act 1984 (section 1),,A no further action disposal,,
Person search,2026-01-18T00:00:00+00:00,,,54.577263,-1.239192,Male,10-17,White - English/Welsh/Scottish/Northern Irish/British,White,Police and Criminal Evidence Act 1984 (section 1),Offensive weapons,A no further action disposal,,
Person search,2026-01-18T00:00:00+00:00,,,54.575284,-1.236042,Male,10-17,White - English/Welsh/Scottish/Northern Irish/British,White,Police and Criminal Evidence Act 1984 (section 1),Offensive weapons,A no further action disposal,,
Person search,2026-01-19T00:00:00+00:00,,,54.546224,-1.147820,Male,25-34,White - English/Welsh/Scottish/Northern Irish/British,White,Misuse of Drugs Act 1971 (section 23),Controlled drugs,A no further action disposal,,
Person search,2026-01-19T00:00:00+00:00,,,54.660569,-1.194168,Male,25-34,White - English/Welsh/Scottish/Northern Irish/British,White,Misuse of Drugs Act 1971 (section 23),Controlled drugs,A no further action disposal,,
Person search,2026-01-19T00:00:00+00:00,,,54.568421,-1.320976,Male,over 34,White - English/Welsh/Scottish/Northern Irish/British,White,Misuse of Drugs Act 1971 (section 23),Controlled drugs,,True,
Person search,2026-01-19T00:00:00+00:00,,,54.552962,-1.307982,Male,10-17,Asian/Asian British - Pakistani,,Misuse of Drugs Act 1971 (section 23),Controlled drugs,Arrest,True,
Person search,2026-01-19T00:00:00+00:00,,,54.566333,-1.137023,Male,25-34,White - English/Welsh/Scottish/Northern Irish/British,White,Misuse of Drugs Act 1971 (section 23),Controlled drugs,Arrest,,
Person search,2026-01-19T00:00:00+00:00,,,54.579734,-1.178591,Male,,White - English/Welsh/Scottish/Northern Irish/British,White,Misuse of Drugs Act 1971 (section 23),Controlled drugs,Community resolution,False,
Person search,2026-01-20T00:00:00+00:00,,,54.564118,-1.318001,Male,over 34,White - English/Welsh/Scottish/Northern Irish/British,White,Police and Criminal Evidence Act 1984 (section 1),Offensive weapons,,False,
Person search,2026-01-20T00:00:00+00:00,,,54.569879,-1.248347,Male,18-24,White - Any other White background,,Police and Criminal Evidence Act 1984 (section 1),,A no further action disposal,,
Person search,2026-01-20T00:00:00+00:00,,,54.612866,-1.085360,Male,10-17,White - English/Welsh/Scottish/Northern Irish/British,White,Police and Criminal Evidence Act 1984 (section 1),,A no further action disposal,,
Person search,2026-01-20T00:00:00+00:00,,,54.612866,-1.085360,Male,10-17,White - English/Welsh/Scottish/Northern Irish/British,White,Police and Criminal Evidence Act 1984 (section 1),,A no further action disposal,,
Person search,2026-01-20T00:00:00+00:00,,,54.619383,-1.070161,Male,over 34,White - English/Welsh/Scottish/Northern Irish/British,,Misuse of Drugs Act 1971 (section 23),Controlled drugs,A no further action disposal,,
Person search,2026-01-20T00:00:00+00:00,,,54.655141,-1.302915,Female,,White - English/Welsh/Scottish/Northern Irish/British,White,Misuse of Drugs Act 1971 (section 23),Controlled drugs,Arrest,True,
Person search,2026-01-20T00:00:00+00:00,,,54.554065,-1.179678,Female,25-34,White - English/Welsh/Scottish/Northern Irish/British,White,Misuse of Drugs Act 1971 (section 23),Controlled drugs,A no further action disposal,,
Person search,2026-01-20T00:00:00+00:00,,,54.556810,-1.176206,Female,over 34,White - English/Welsh/Scottish/Northern Irish/British,White,Misuse of Drugs Act 1971 (section 23),Controlled drugs,,,
Person search,2026-01-20T00:00:00+00:00,,,54.684848,-1.216831,Female,over 34,White - English/Welsh/Scottish/Northern Irish/British,,Misuse of Drugs Act 1971 (section 23),Controlled drugs,A no further action disposal,,
Person search,2026-01-20T00:00:00+00:00,,,54.732026,-1.269684,Male,over 34,White - English/Welsh/Scottish/Northern Irish/British,White,Misuse of Drugs Act 1971 (section 23),Controlled drugs,Arrest,,
Person search,2026-01-20T00:00:00+00:00,,,54.560363,-1.312048,Female,over 34,White - English/Welsh/Scottish/Northern Irish/British,White,Police and Criminal Evidence Act 1984 (section 1),Stolen goods,A no further action disposal,False,
Person search,2026-01-20T00:00:00+00:00,,,54.566333,-1.137023,Male,25-34,White - English/Welsh/Scottish/Northern Irish/British,White,Misuse of Drugs Act 1971 (section 23),Controlled drugs,A no further action disposal,,
Person search,2026-01-20T00:00:00+00:00,,,54.472215,-1.311583,Male,over 34,White - English/Welsh/Scottish/Northern Irish/British,White,Misuse of Drugs Act 1971 (section 23),Controlled drugs,A no further action disposal,,
Person and Vehicle search,2026-01-20T00:00:00+00:00,,,54.472215,-1.311583,,,,,Misuse of Drugs Act 1971 (section 23),Controlled drugs,,,
Person search,2026-01-20T00:00:00+00:00,,,54.564118,-1.318001,Female,over 34,White - English/Welsh/Scottish/Northern Irish/British,,Police and Criminal Evidence Act 1984 (section 1),Offensive weapons,,,
Person search,2026-01-20T00:00:00+00:00,,,54.564118,-1.318001,Female,over 34,White - English/Welsh/Scottish/Northern Irish/British,,Police and Criminal Evidence Act 1984 (section 1),Offensive weapons,,,
Person search,2026-01-20T00:00:00+00:00,,,54.575491,-1.205392,Male,10-17,White - English/Welsh/Scottish/Northern Irish/British,White,Police and Criminal Evidence Act 1984 (section 1),Offensive weapons,A no further action disposal,False,
Person search,2026-01-21T00:00:00+00:00,,,54.689568,-1.210286,Male,over 34,White - English/Welsh/Scottish/Northern Irish/British,White,Police and Criminal Evidence Act 1984 (section 1),Offensive weapons,A no further action disposal,,
Person search,2026-01-21T00:00:00+00:00,,,54.605428,-1.091704,Male,18-24,,White,Police and Criminal Evidence Act 1984 (section 1),Article for use in theft,A no further action disposal,,
Person search,2026-01-21T00:00:00+00:00,,,,,Male,18-24,White - English/Welsh/Scottish/Northern Irish/British,White,Misuse of Drugs Act 1971 (section 23),Controlled drugs,A no further action disposal,,
Person and Vehicle search,2026-01-21T00:00:00+00:00,,,,,,,,,Misuse of Drugs Act 1971 (section 23),Controlled drugs,A no further action disposal,,
Person search,2026-01-21T00:00:00+00:00,,,54.706969,-1.223171,Male,10-17,White - English/Welsh/Scottish/Northern Irish/British,White,Misuse of Drugs Act 1971 (section 23),Controlled drugs,A no further action disposal,,
Person and Vehicle search,2026-01-22T00:00:00+00:00,,,54.555557,-1.301413,,,,,Misuse of Drugs Act 1971 (section 23),Controlled drugs,A no further action disposal,,
Person search,2026-01-22T00:00:00+00:00,,,54.579734,-1.178591,Male,25-34,White - English/Welsh/Scottish/Northern Irish/British,White,Misuse of Drugs Act 1971 (section 23),Controlled drugs,A no further action disposal,,
Person search,2026-01-22T00:00:00+00:00,,,54.579734,-1.178591,Male,25-34,White - English/Welsh/Scottish/Northern Irish/British,White,Misuse of Drugs Act 1971 (section 23),Controlled drugs,A no further action disposal,,
Person search,2026-01-22T00:00:00+00:00,,,,,Male,25-34,White - English/Welsh/Scottish/Northern Irish/British,White,Police and Criminal Evidence Act 1984 (section 1),Offensive weapons,A no further action disposal,,
Person search,2026-01-22T00:00:00+00:00,,,54.696166,-1.214642,Male,over 34,,,Misuse of Drugs Act 1971 (section 23),Controlled drugs,,,
Person search,2026-01-22T00:00:00+00:00,,,54.555557,-1.301413,Male,over 34,Asian/Asian British - Bangladeshi,Asian,Misuse of Drugs Act 1971 (section 23),Controlled drugs,A no further action disposal,,
Person search,2026-01-23T00:00:00+00:00,,,,,Female,over 34,White - English/Welsh/Scottish/Northern Irish/British,White,Misuse of Drugs Act 1971 (section 23),Controlled drugs,A no further action disposal,,
Person search,2026-01-23T00:00:00+00:00,,,54.691628,-1.237287,Male,25-34,White - English/Welsh/Scottish/Northern Irish/British,White,Misuse of Drugs Act 1971 (section 23),Controlled drugs,,True,
Person search,2026-01-23T00:00:00+00:00,,,54.691628,-1.237287,Male,over 34,White - English/Welsh/Scottish/Northern Irish/British,White,Misuse of Drugs Act 1971 (section 23),Controlled drugs,Arrest,,
Person and Vehicle search,2026-01-23T00:00:00+00:00,,,54.691628,-1.237287,,,,,Misuse of Drugs Act 1971 (section 23),Controlled drugs,A no further action disposal,True,
Person search,2026-01-23T00:00:00+00:00,,,54.575828,-1.310148,Male,,White - English/Welsh/Scottish/Northern Irish/British,White,Misuse of Drugs Act 1971 (section 23),Controlled drugs,A no further action disposal,,
Person and Vehicle search,2026-01-23T00:00:00+00:00,,,54.575828,-1.310148,,,,,Misuse of Drugs Act 1971 (section 23),Controlled drugs,A no further action disposal,,
Person search,2026-01-23T00:00:00+00:00,,,54.572775,-1.223095,Male,25-34,White - Any other White background,White,Misuse of Drugs Act 1971 (section 23),Controlled drugs,A no further action disposal,,
Person search,2026-01-23T00:00:00+00:00,,,,,Male,over 34,White - English/Welsh/Scottish/Northern Irish/British,White,Police and Criminal Evidence Act 1984 (section 1),Stolen goods,A no further action disposal,,
Person search,2026-01-23T00:00:00+00:00,,,,,Female,over 34,White - English/Welsh/Scottish/Northern Irish/British,White,Misuse of Drugs Act 1971 (section 23),Controlled drugs,A no further action disposal,,
Person search,2026-01-23T00:00:00+00:00,,,,,Female,18-24,White - English/Welsh/Scottish/Northern Irish/British,White,Misuse of Drugs Act 1971 (section 23),Controlled drugs,A no further action disposal,,
Person search,2026-01-23T00:00:00+00:00,,,54.578786,-1.248446,Male,25-34,White - English/Welsh/Scottish/Northern Irish/British,White,Misuse of Drugs Act 1971 (section 23),Controlled drugs,Arrest,True,
Person and Vehicle search,2026-01-23T00:00:00+00:00,,,54.578786,-1.248446,,,,,Misuse of Drugs Act 1971 (section 23),Controlled drugs,Arrest,True,
Person search,2026-01-23T00:00:00+00:00,,,54.554446,-1.156648,Male,25-34,White - English/Welsh/Scottish/Northern Irish/British,White,Police and Criminal Evidence Act 1984 (section 1),,A no further action disposal,,
Person and Vehicle search,2026-01-23T00:00:00+00:00,,,54.554446,-1.156648,,,,,Police and Criminal Evidence Act 1984 (section 1),,A no further action disposal,,
Person search,2026-01-23T00:00:00+00:00,,,54.577131,-1.173723,Male,over 34,White - English/Welsh/Scottish/Northern Irish/British,White,Police and Criminal Evidence Act 1984 (section 1),,A no further action disposal,,
Person search,2026-01-23T00:00:00+00:00,,,54.699268,-1.224606,Male,10-17,White - English/Welsh/Scottish/Northern Irish/British,White,Police and Criminal Evidence Act 1984 (section 1),,,,
Person search,2026-01-23T00:00:00+00:00,,,54.568049,-1.320240,Female,over 34,,White,Misuse of Drugs Act 1971 (section 23),Controlled drugs,A no further action disposal,,
Person search,2026-01-23T00:00:00+00:00,,,54.528129,-1.231808,Male,25-34,White - English/Welsh/Scottish/Northern Irish/British,White,Misuse of Drugs Act 1971 (section 23),Controlled drugs,Arrest,True,
Person search,2026-01-23T00:00:00+00:00,,,54.568049,-1.320240,Male,18-24,White - English/Welsh/Scottish/Northern Irish/British,White,Misuse of Drugs Act 1971 (section 23),Controlled drugs,A no further action disposal,,
Person search,2026-01-23T00:00:00+00:00,,,54.568049,-1.320240,Female,over 34,White - English/Welsh/Scottish/Northern Irish/British,White,Misuse of Drugs Act 1971 (section 23),Controlled drugs,A no further action disposal,,
Person search,2026-01-23T00:00:00+00:00,,,54.568049,-1.320240,Female,25-34,White - English/Welsh/Scottish/Northern Irish/British,White,Misuse of Drugs Act 1971 (section 23),Controlled drugs,A no further action disposal,,
Person and Vehicle search,2026-01-23T00:00:00+00:00,,,54.568049,-1.320240,,,,,Misuse of Drugs Act 1971 (section 23),Controlled drugs,A no further action disposal,,
Person search,2026-01-23T00:00:00+00:00,,,,,Male,over 34,White - English/Welsh/Scottish/Northern Irish/British,White,Police and Criminal Evidence Act 1984 (section 1),Stolen goods,A no further action disposal,,
Person search,2026-01-23T00:00:00+00:00,,,54.693357,-1.209685,Male,over 34,White - English/Welsh/Scottish/Northern Irish/British,White,Police and Criminal Evidence Act 1984 (section 1),Article for use in theft,A no further action disposal,,
Person search,2026-01-23T00:00:00+00:00,,,54.575828,-1.310148,Male,18-24,White - English/Welsh/Scottish/Northern Irish/British,White,Misuse of Drugs Act 1971 (section 23),Controlled drugs,A no further action disposal,,
Person search,2026-01-24T00:00:00+00:00,,,54.515644,-1.171520,Male,10-17,,White,Poaching Prevention Act 1862 (section 2),Game or poaching equipment,A no further action disposal,True,
Person search,2026-01-24T00:00:00+00:00,,,54.578249,-1.145838,Male,,White - English/Welsh/Scottish/Northern Irish/British,White,Police and Criminal Evidence Act 1984 (section 1),Article for use in theft,A no further action disposal,,
Person search,2026-01-24T00:00:00+00:00,,,54.580422,-1.180634,Male,over 34,Mixed/Multiple ethnic groups - Any other Mixed/Multiple ethnic background,White,Misuse of Drugs Act 1971 (section 23),Controlled drugs,,False,
Person search,2026-01-24T00:00:00+00:00,,,54.569516,-1.247735,Male,over 34,White - English/Welsh/Scottish/Northern Irish/British,White,Misuse of Drugs Act 1971 (section 23),Controlled drugs,A no further action disposal,,
Person search,2026-01-24T00:00:00+00:00,,,54.557412,-1.236577,Male,10-17,White - English/Welsh/Scottish/Northern Irish/British,White,Misuse of Drugs Act 1971 (section 23),Controlled drugs,A no further action disposal,,
Person search,2026-01-24T00:00:00+00:00,,,54.573644,-1.324447,Male,25-34,White - English/Welsh/Scottish/Northern Irish/British,White,Misuse of Drugs Act 1971 (section 23),Evidence of offences under the Act,A no further action disposal,,
Person search,2026-01-24T00:00:00+00:00,,,54.573644,-1.324447,Male,25-34,White - English/Welsh/Scottish/Northern Irish/British,White,Misuse of Drugs Act 1971 (section 23),Controlled drugs,,,
Person and Vehicle search,2026-01-24T00:00:00+00:00,,,54.573644,-1.324447,,,,,Misuse of Drugs Act 1971 (section 23),Controlled drugs,,,
Person search,2026-01-24T00:00:00+00:00,,,54.515644,-1.171520,Male,10-17,,White,Poaching Prevention Act 1862 (section 2),Game or poaching equipment,A no further action disposal,True,
Person search,2026-01-24T00:00:00+00:00,,,54.575223,-1.234852,Male,18-24,,,Police and Criminal Evidence Act 1984 (section 1),Offensive weapons,A no further action disposal,,
Person search,2026-01-24T00:00:00+00:00,,,54.550257,-1.200162,Female,10-17,White - English/Welsh/Scottish/Northern Irish/British,White,Police and Criminal Evidence Act 1984 (section 1),Article for use in theft,A no further action disposal,,
Person search,2026-01-24T00:00:00+00:00,,,54.571849,-1.230058,Male,over 34,White - English/Welsh/Scottish/Northern Irish/British,White,Misuse of Drugs Act 1971 (section 23),Controlled drugs,A no further action disposal,,
Person search,2026-01-24T00:00:00+00:00,,,54.697882,-1.222941,Male,10-17,,White,Police and Criminal Evidence Act 1984 (section 1),Stolen goods,A no further action disposal,,
Person search,2026-01-24T00:00:00+00:00,,,54.660167,-1.193153,Male,25-34,White - English/Welsh/Scottish/Northern Irish/British,White,Misuse of Drugs Act 1971 (section 23),Controlled drugs,A no further action disposal,False,
Person search,2026-01-25T00:00:00+00:00,,,54.574920,-1.240952,Male,25-34,Other ethnic group - Not stated,Other,Misuse of Drugs Act 1971 (section 23),Controlled drugs,Arrest,True,
Person search,2026-01-25T00:00:00+00:00,,,54.566205,-1.310449,Male,over 34,White - English/Welsh/Scottish/Northern Irish/British,White,Misuse of Drugs Act 1971 (section 23),Controlled drugs,A no further action disposal,,
Person search,2026-01-25T00:00:00+00:00,,,54.568421,-1.320976,Male,25-34,White - English/Welsh/Scottish/Northern Irish/British,White,Misuse of Drugs Act 1971 (section 23),Controlled drugs,A no further action disposal,,
Person search,2026-01-25T00:00:00+00:00,,,,,Female,over 34,White - English/Welsh/Scottish/Northern Irish/British,White,Misuse of Drugs Act 1971 (section 23),Controlled drugs,A no further action disposal,,
Person search,2026-01-25T00:00:00+00:00,,,54.564118,-1.318001,Male,18-24,White - English/Welsh/Scottish/Northern Irish/British,White,Misuse of Drugs Act 1971 (section 23),Controlled drugs,,True,
Person search,2026-01-25T00:00:00+00:00,,,,,Male,25-34,White - English/Welsh/Scottish/Northern Irish/British,White,Police and Criminal Evidence Act 1984 (section 1),Offensive weapons,A no further action disposal,,
Person search,2026-01-25T00:00:00+00:00,,,54.575300,-1.238548,Male,over 34,White - English/Welsh/Scottish/Northern Irish/British,White,Police and Criminal Evidence Act 1984 (section 1),Offensive weapons,A no further action disposal,,
Person search,2026-01-25T00:00:00+00:00,,,54.574703,-1.228055,Female,25-34,White - English/Welsh/Scottish/Northern Irish/British,White,Misuse of Drugs Act 1971 (section 23),Controlled drugs,A no further action disposal,,
Person and Vehicle search,2026-01-25T00:00:00+00:00,,,54.574703,-1.228055,,,,,Misuse of Drugs Act 1971 (section 23),Controlled drugs,A no further action disposal,,
Person search,2026-01-25T00:00:00+00:00,,,54.564598,-1.315487,Male,over 34,White - English/Welsh/Scottish/Northern Irish/British,White,Misuse of Drugs Act 1971 (section 23),Controlled drugs,A no further action disposal,,
Person search,2026-01-25T00:00:00+00:00,,,54.564598,-1.315487,Female,over 34,White - English/Welsh/Scottish/Northern Irish/British,White,Misuse of Drugs Act 1971 (section 23),Controlled drugs,A no further action disposal,,
Person and Vehicle search,2026-01-25T00:00:00+00:00,,,54.564598,-1.315487,,,,,Misuse of Drugs Act 1971 (section 23),Controlled drugs,,True,
Person search,2026-01-25T00:00:00+00:00,,,,,Female,25-34,White - English/Welsh/Scottish/Northern Irish/British,,Misuse of Drugs Act 1971 (section 23),Controlled drugs,,True,
Person search,2026-01-26T00:00:00+00:00,,,54.579142,-1.180119,Male,over 34,,,,,A no further action disposal,,
Person search,2026-01-26T00:00:00+00:00,,,,,Male,18-24,White - English/Welsh/Scottish/Northern Irish/British,White,Police and Criminal Evidence Act 1984 (section 1),Offensive weapons,A no further action disposal,,
Person search,2026-01-26T00:00:00+00:00,,,54.579613,-1.176628,Male,over 34,White - English/Welsh/Scottish/Northern Irish/British,White,Misuse of Drugs Act 1971 (section 23),Controlled drugs,,True,
Vehicle search,2026-01-26T00:00:00+00:00,,,54.560528,-1.202606,,,,,Police and Criminal Evidence Act 1984 (section 1),Offensive weapons,Arrest,,
Person search,2026-01-26T00:00:00+00:00,,,54.563901,-1.199091,Male,18-24,White - English/Welsh/Scottish/Northern Irish/British,White,Misuse of Drugs Act 1971 (section 23),Controlled drugs,,,
Person search,2026-01-26T00:00:00+00:00,,,,,Male,over 34,White - English/Welsh/Scottish/Northern Irish/British,White,Misuse of Drugs Act 1971 (section 23),Controlled drugs,Arrest,,
Person and Vehicle search,2026-01-26T00:00:00+00:00,,,,,,,,,Misuse of Drugs Act 1971 (section 23),Controlled drugs,,,
Person search,2026-01-26T00:00:00+00:00,,,54.578373,-1.153276,Male,over 34,White - English/Welsh/Scottish/Northern Irish/British,White,Police and Criminal Evidence Act 1984 (section 1),Article for use in theft,A no further action disposal,,
Person search,2026-01-26T00:00:00+00:00,,,54.569616,-1.209853,Male,over 34,White - English/Welsh/Scottish/Northern Irish/British,White,Police and Criminal Evidence Act 1984 (section 1),Article for use in theft,Arrest,False,
Person search,2026-01-26T00:00:00+00:00,,,54.686199,-1.207730,Male,10-17,White - English/Welsh/Scottish/Northern Irish/British,White,Police and Criminal Evidence Act 1984 (section 1),Offensive weapons,,True,
Person search,2026-01-26T00:00:00+00:00,,,54.574566,-1.149797,Male,over 34,White - English/Welsh/Scottish/Northern Irish/British,White,Misuse of Drugs Act 1971 (section 23),Controlled drugs,A no further action disposal,,
Person search,2026-01-26T00:00:00+00:00,,,54.555454,-1.150427,Male,25-34,White - English/Welsh/Scottish/Northern Irish/British,,Police and Criminal Evidence Act 1984 (section 1),Offensive weapons,Arrest,True,
Person search,2026-01-26T00:00:00+00:00,,,54.565480,-1.161886,Male,25-34,Mixed/Multiple ethnic groups - White and Asian,Asian,Police and Criminal Evidence Act 1984 (section 1),,A no further action disposal,False,
Person search,2026-01-26T00:00:00+00:00,,,54.565720,-1.136835,Male,over 34,White - English/Welsh/Scottish/Northern Irish/British,,Misuse of Drugs Act 1971 (section 23),Controlled drugs,A no further action disposal,True,
Person search,2026-01-26T00:00:00+00:00,,,54.568049,-1.320240,Male,over 34,Black/African/Caribbean/Black British - Caribbean,White,Misuse of Drugs Act 1971 (section 23),Controlled drugs,Summons / charged by post,True,
Person search,2026-01-26T00:00:00+00:00,,,54.579734,-1.178591,Male,25-34,White - English/Welsh/Scottish/Northern Irish/British,White,Police and Criminal Evidence Act 1984 (section 1),,A no further action disposal,False,
Person search,2026-01-26T00:00:00+00:00,,,54.565720,-1.136835,Male,over 34,White - English/Welsh/Scottish/Northern Irish/British,,Misuse of Drugs Act 1971 (section 23),Controlled drugs,A no further action disposal,True,
Person search,2026-01-26T00:00:00+00:00,,,54.564108,-1.203093,Male,18-24,White - English/Welsh/Scottish/Northern Irish/British,White,Police and Criminal Evidence Act 1984 (section 1),Offensive weapons,,,
Person search,2026-01-26T00:00:00+00:00,,,54.570304,-1.210659,Male,over 34,White - English/Welsh/Scottish/Northern Irish/British,White,Police and Criminal Evidence Act 1984 (section 1),,A no further action disposal,,
Person search,2026-01-26T00:00:00+00:00,,,,,Male,over 34,White - English/Welsh/Scottish/Northern Irish/British,White,Misuse of Drugs Act 1971 (section 23),Controlled drugs,A no further action disposal,,
Person search,2026-01-27T00:00:00+00:00,,,54.570203,-1.139107,Male,25-34,White - English/Welsh/Scottish/Northern Irish/British,White,Police and Criminal Evidence Act 1984 (section 1),Article for use in theft,,False,
Person search,2026-01-27T00:00:00+00:00,,,54.618281,-1.063620,Male,25-34,White - English/Welsh/Scottish/Northern Irish/British,White,Police and Criminal Evidence Act 1984 (section 1),Offensive weapons,A no further action disposal,,
Person search,2026-01-27T00:00:00+00:00,,,54.675143,-1.222600,Male,over 34,White - English/Welsh/Scottish/Northern Irish/British,White,Misuse of Drugs Act 1971 (section 23),Controlled drugs,,True,
Person search,2026-01-27T00:00:00+00:00,,,54.675143,-1.222600,Female,25-34,White - English/Welsh/Scottish/Northern Irish/British,White,Misuse of Drugs Act 1971 (section 23),Controlled drugs,,True,
Person search,2026-01-27T00:00:00+00:00,,,54.579142,-1.180119,Male,18-24,White - English/Welsh/Scottish/Northern Irish/British,White,Misuse of Drugs Act 1971 (section 23),Controlled drugs,A no further action disposal,False,
Person search,2026-01-27T00:00:00+00:00,,,54.578786,-1.248446,Male,25-34,White - English/Welsh/Scottish/Northern Irish/British,White,Police and Criminal Evidence Act 1984 (section 1),Article for use in theft,A no further action disposal,,
Person search,2026-01-27T00:00:00+00:00,,,54.579388,-1.150610,Male,over 34,White - English/Welsh/Scottish/Northern Irish/British,White,Police and Criminal Evidence Act 1984 (section 1),,A no further action disposal,False,
Person search,2026-01-27T00:00:00+00:00,,,54.582613,-1.183066,Male,over 34,White - English/Welsh/Scottish/Northern Irish/British,,Police and Criminal Evidence Act 1984 (section 1),Article for use in theft,,,
Person search,2026-01-27T00:00:00+00:00,,,54.565720,-1.136835,Female,over 34,White - English/Welsh/Scottish/Northern Irish/British,,Misuse of Drugs Act 1971 (section 23),Controlled drugs,A no further action disposal,,
Person search,2026-01-27T00:00:00+00:00,,,54.560363,-1.312048,Male,over 34,White - English/Welsh/Scottish/Northern Irish/British,White,Police and Criminal Evidence Act 1984 (section 1),Stolen goods,A no further action disposal,True,
Person search,2026-01-27T00:00:00+00:00,,,54.569516,-1.247735,Male,over 34,White - English/Welsh/Scottish/Northern Irish/British,White,Misuse of Drugs Act 1971 (section 23),Controlled drugs,,,
Person search,2026-01-27T00:00:00+00:00,,,54.565825,-1.245220,Male,over 34,Mixed/Multiple ethnic groups - White and Asian,Asian,Misuse of Drugs Act 1971 (section 23),Controlled drugs,,True,
Person search,2026-01-27T00:00:00+00:00,,,54.677472,-1.217298,Male,over 34,White - English/Welsh/Scottish/Northern Irish/British,White,Police and Criminal Evidence Act 1984 (section 1),Offensive weapons,A no further action disposal,,
Vehicle search,2026-01-27T00:00:00+00:00,,,54.570099,-1.228993,,,,,Misuse of Drugs Act 1971 (section 23),Controlled drugs,,True,
Person search,2026-01-27T00:00:00+00:00,,,54.687686,-1.217924,Male,over 34,White - English/Welsh/Scottish/Northern Irish/British,White,Misuse of Drugs Act 1971 (section 23),Controlled drugs,A no further action disposal,,
Person search,2026-01-27T00:00:00+00:00,,,54.687475,-1.227111,Male,over 34,White - English/Welsh/Scottish/Northern Irish/British,White,Misuse of Drugs Act 1971 (section 23),Controlled drugs,,False,
Person search,2026-01-27T00:00:00+00:00,,,54.687475,-1.227111,Male,over 34,White - English/Welsh/Scottish/Northern Irish/British,White,Misuse of Drugs Act 1971 (section 23),Controlled drugs,A no further action disposal,,
Person search,2026-01-27T00:00:00+00:00,,,54.569510,-1.150428,Male,10-17,White - English/Welsh/Scottish/Northern Irish/British,White,Misuse of Drugs Act 1971 (section 23),Controlled drugs,A no further action disposal,,
Person search,2026-01-28T00:00:00+00:00,,,54.603092,-1.072838,Male,10-17,White - English/Welsh/Scottish/Northern Irish/British,White,Misuse of Drugs Act 1971 (section 23),Controlled drugs,Summons / charged by post,True,
Person search,2026-01-28T00:00:00+00:00,,,54.603092,-1.072838,Male,10-17,White - English/Welsh/Scottish/Northern Irish/British,White,Misuse of Drugs Act 1971 (section 23),Controlled drugs,Summons / charged by post,True,
Person search,2026-01-28T00:00:00+00:00,,,,,Male,18-24,White - English/Welsh/Scottish/Northern Irish/British,White,Misuse of Drugs Act 1971 (section 23),Controlled drugs,,,
Person and Vehicle search,2026-01-28T00:00:00+00:00,,,,,,,,,Misuse of Drugs Act 1971 (section 23),Controlled drugs,A no further action disposal,,
Vehicle search,2026-01-28T00:00:00+00:00,,,54.584039,-1.320716,,,,,Police and Criminal Evidence Act 1984 (section 1),Article for use in theft,,,
Person search,2026-01-28T00:00:00+00:00,,,54.567144,-1.252155,Male,over 34,White - English/Welsh/Scottish/Northern Irish/British,,Misuse of Drugs Act 1971 (section 23),Controlled drugs,Arrest,True,
Person search,2026-01-28T00:00:00+00:00,,,54.570347,-1.249792,Female,over 34,White - English/Welsh/Scottish/Northern Irish/British,,Misuse of Drugs Act 1971 (section 23),Controlled drugs,Arrest,True,
Person search,2026-01-28T00:00:00+00:00,,,54.569245,-1.140860,Male,over 34,White - English/Welsh/Scottish/Northern Irish/British,White,Police and Criminal Evidence Act 1984 (section 1),Offensive weapons,A no further action disposal,False,
Person search,2026-01-28T00:00:00+00:00,,,54.568049,-1.320240,Female,18-24,White - English/Welsh/Scottish/Northern Irish/British,White,Misuse of Drugs Act 1971 (section 23),Controlled drugs,A no further action disposal,,
Person search,2026-01-28T00:00:00+00:00,,,54.580404,-1.139171,Male,over 34,,White,Police and Criminal Evidence Act 1984 (section 1),Offensive weapons,A no further action disposal,,
Person search,2026-01-28T00:00:00+00:00,,,54.551842,-1.239649,Male,18-24,White - English/Welsh/Scottish/Northern Irish/British,White,Misuse of Drugs Act 1971 (section 23),Controlled drugs,A no further action disposal,,
Person search,2026-01-28T00:00:00+00:00,,,54.568049,-1.320240,Male,25-34,White - English/Welsh/Scottish/Northern Irish/British,White,Misuse of Drugs Act 1971 (section 23),Controlled drugs,A no further action disposal,,
Person search,2026-01-28T00:00:00+00:00,,,,,Male,18-24,White - English/Welsh/Scottish/Northern Irish/British,White,Misuse of Drugs Act 1971 (section 23),Controlled drugs,A no further action disposal,,
Person search,2026-01-28T00:00:00+00:00,,,54.562823,-1.317852,Male,25-34,White - English/Welsh/Scottish/Northern Irish/British,White,Misuse of Drugs Act 1971 (section 23),Controlled drugs,A no further action disposal,,
Person search,2026-01-28T00:00:00+00:00,,,54.688278,-1.226181,Male,25-34,White - English/Welsh/Scottish/Northern Irish/British,White,Misuse of Drugs Act 1971 (section 23),Controlled drugs,Arrest,True,
Person and Vehicle search,2026-01-28T00:00:00+00:00,,,54.688278,-1.226181,,,,,Misuse of Drugs Act 1971 (section 23),Controlled drugs,A no further action disposal,True,
Person search,2026-01-28T00:00:00+00:00,,,54.576116,-1.095321,Male,25-34,White - English/Welsh/Scottish/Northern Irish/British,White,Misuse of Drugs Act 1971 (section 23),Controlled drugs,A no further action disposal,,
Person and Vehicle search,2026-01-28T00:00:00+00:00,,,54.576116,-1.095321,,,,,Misuse of Drugs Act 1971 (section 23),Controlled drugs,,,
Person search,2026-01-28T00:00:00+00:00,,,54.675638,-1.224064,Male,over 34,White - English/Welsh/Scottish/Northern Irish/British,White,Misuse of Drugs Act 1971 (section 23),Controlled drugs,A no further action disposal,,
Person search,2026-01-28T00:00:00+00:00,,,54.562823,-1.317852,Male,over 34,White - English/Welsh/Scottish/Northern Irish/British,White,Misuse of Drugs Act 1971 (section 23),Controlled drugs,Arrest,True,
Person search,2026-01-28T00:00:00+00:00,,,54.568049,-1.320240,Male,25-34,White - English/Welsh/Scottish/Northern Irish/British,White,Misuse of Drugs Act 1971 (section 23),Controlled drugs,A no further action disposal,,
Person and Vehicle search,2026-01-28T00:00:00+00:00,,,54.541093,-1.285354,,,,,Misuse of Drugs Act 1971 (section 23),Controlled drugs,Arrest,True,
Person search,2026-01-28T00:00:00+00:00,,,54.541093,-1.285354,Male,25-34,White - English/Welsh/Scottish/Northern Irish/British,White,Misuse of Drugs Act 1971 (section 23),Controlled drugs,Arrest,True,
Person search,2026-01-28T00:00:00+00:00,,,54.565337,-1.212364,Male,over 34,White - English/Welsh/Scottish/Northern Irish/British,White,Police and Criminal Evidence Act 1984 (section 1),Stolen goods,A no further action disposal,,
Person search,2026-01-28T00:00:00+00:00,,,54.579509,-1.171958,Male,25-34,White - English/Welsh/Scottish/Northern Irish/British,White,Misuse of Drugs Act 1971 (section 23),Controlled drugs,Summons / charged by post,True,
Person search,2026-01-29T00:00:00+00:00,,,54.556158,-1.323391,Male,18-24,White - English/Welsh/Scottish/Northern Irish/British,White,Police and Criminal Evidence Act 1984 (section 1),Offensive weapons,A no further action disposal,,
Person search,2026-01-29T00:00:00+00:00,,,54.618935,-1.069195,Male,over 34,White - English/Welsh/Scottish/Northern Irish/British,White,Misuse of Drugs Act 1971 (section 23),Controlled drugs,A no further action disposal,True,
Person search,2026-01-29T00:00:00+00:00,,,54.576116,-1.095321,Male,25-34,White - English/Welsh/Scottish/Northern Irish/British,White,Misuse of Drugs Act 1971 (section 23),Controlled drugs,A no further action disposal,,
Person search,2026-01-29T00:00:00+00:00,,,54.568049,-1.320240,Male,18-24,White - English/Welsh/Scottish/Northern Irish/British,White,Misuse of Drugs Act 1971 (section 23),Controlled drugs,A no further action disposal,,
Person search,2026-01-29T00:00:00+00:00,,,54.571670,-1.298075,Male,18-24,White - English/Welsh/Scottish/Northern Irish/British,White,Police and Criminal Evidence Act 1984 (section 1),Offensive weapons,A no further action disposal,,
Vehicle search,2026-01-29T00:00:00+00:00,,,54.702738,-1.217867,,,,,Misuse of Drugs Act 1971 (section 23),Controlled drugs,,True,
Vehicle search,2026-01-29T00:00:00+00:00,,,54.561700,-1.316325,,,,,Misuse of Drugs Act 1971 (section 23),Controlled drugs,Arrest,True,
Person search,2026-01-29T00:00:00+00:00,,,54.578755,-1.239133,,18-24,White - English/Welsh/Scottish/Northern Irish/British,White,Police and Criminal Evidence Act 1984 (section 1),Offensive weapons,A no further action disposal,True,
Person search,2026-01-30T00:00:00+00:00,,,54.545547,-1.298508,Female,18-24,White - English/Welsh/Scottish/Northern Irish/British,White,Misuse of Drugs Act 1971 (section 23),Controlled drugs,,True,
Person search,2026-01-30T00:00:00+00:00,,,54.569329,-1.200284,Male,10-17,White - English/Welsh/Scottish/Northern Irish/British,White,Misuse of Drugs Act 1971 (section 23),Controlled drugs,A no further action disposal,,
Person search,2026-01-30T00:00:00+00:00,,,54.577278,-1.225980,Male,25-34,White - English/Welsh/Scottish/Northern Irish/British,White,Misuse of Drugs Act 1971 (section 23),Controlled drugs,A no further action disposal,,
Person search,2026-01-30T00:00:00+00:00,,,54.675325,-1.221480,Male,over 34,White - English/Welsh/Scottish/Northern Irish/British,White,Misuse of Drugs Act 1971 (section 23),Controlled drugs,,,
Person search,2026-01-30T00:00:00+00:00,,,54.581757,-0.976261,Male,over 34,White - English/Welsh/Scottish/Northern Irish/British,White,Misuse of Drugs Act 1971 (section 23),Controlled drugs,A no further action disposal,,
Person search,2026-01-30T00:00:00+00:00,,,54.675325,-1.221480,Female,over 34,White - English/Welsh/Scottish/Northern Irish/British,White,Misuse of Drugs Act 1971 (section 23),Controlled drugs,,True,
Person search,2026-01-30T00:00:00+00:00,,,54.562540,-1.317192,Male,25-34,Asian/Asian British - Indian,Asian,Misuse of Drugs Act 1971 (section 23),Controlled drugs,Arrest,,
Person search,2026-01-30T00:00:00+00:00,,,,,Male,over 34,White - English/Welsh/Scottish/Northern Irish/British,White,Police and Criminal Evidence Act 1984 (section 1),,,,
Person search,2026-01-30T00:00:00+00:00,,,54.573070,-1.244142,Male,over 34,White - English/Welsh/Scottish/Northern Irish/British,White,Misuse of Drugs Act 1971 (section 23),Controlled drugs,A no further action disposal,,
Person search,2026-01-30T00:00:00+00:00,,,54.574359,-1.309415,Male,10-17,White - English/Welsh/Scottish/Northern Irish/British,White,Misuse of Drugs Act 1971 (section 23),Controlled drugs,A no further action disposal,True,
Person search,2026-01-30T00:00:00+00:00,,,54.573635,-1.223991,Female,25-34,White - English/Welsh/Scottish/Northern Irish/British,White,Police and Criminal Evidence Act 1984 (section 1),Stolen goods,,,
Person search,2026-01-30T00:00:00+00:00,,,54.568421,-1.320976,Male,over 34,Black/African/Caribbean/Black British - African,White,Misuse of Drugs Act 1971 (section 23),Controlled drugs,,True,
Person search,2026-01-30T00:00:00+00:00,,,54.573635,-1.223991,Male,over 34,White - English/Welsh/Scottish/Northern Irish/British,White,Police and Criminal Evidence Act 1984 (section 1),Stolen goods,A no further action disposal,,
Person search,2026-01-30T00:00:00+00:00,,,54.569879,-1.248347,Female,over 34,White - English/Welsh/Scottish/Northern Irish/British,White,Police and Criminal Evidence Act 1984 (section 1),Stolen goods,,,
Person search,2026-01-30T00:00:00+00:00,,,54.569879,-1.248347,Female,25-34,White - English/Welsh/Scottish/Northern Irish/British,White,Police and Criminal Evidence Act 1984 (section 1),Stolen goods,,False,
Person search,2026-01-30T00:00:00+00:00,,,54.557412,-1.236577,Male,over 34,,White,Misuse of Drugs Act 1971 (section 23),Controlled drugs,,True,
Person search,2026-01-30T00:00:00+00:00,,,54.566205,-1.310449,Female,18-24,White - English/Welsh/Scottish/Northern Irish/British,White,Misuse of Drugs Act 1971 (section 23),Controlled drugs,,True,
Person search,2026-01-30T00:00:00+00:00,,,54.566909,-1.202620,Male,18-24,White - English/Welsh/Scottish/Northern Irish/British,White,Police and Criminal Evidence Act 1984 (section 1),,Arrest,False,
Person search,2026-01-30T00:00:00+00:00,,,54.555030,-1.268519,Male,over 34,White - English/Welsh/Scottish/Northern Irish/British,White,Police and Criminal Evidence Act 1984 (section 1),Offensive weapons,A no further action disposal,,
Person search,2026-01-31T00:00:00+00:00,,,54.590454,-1.307796,Male,over 34,Asian/Asian British - Any other Asian background,Asian,Misuse of Drugs Act 1971 (section 23),Evidence of offences under the Act,A no further action disposal,,
Person search,2026-01-31T00:00:00+00:00,,,54.575878,-1.317325,Female,25-34,White - English/Welsh/Scottish/Northern Irish/British,White,Misuse of Drugs Act 1971 (section 23),Controlled drugs,A no further action disposal,True,
Person search,2026-01-31T00:00:00+00:00,,,54.549893,-1.168816,Male,10-17,White - English/Welsh/Scottish/Northern Irish/British,White,Police and Criminal Evidence Act 1984 (section 1),Offensive weapons,A no further action disposal,,
Person search,2026-01-31T00:00:00+00:00,,,54.550950,-1.169645,Male,10-17,White - English/Welsh/Scottish/Northern Irish/British,White,Police and Criminal Evidence Act 1984 (section 1),Offensive weapons,Arrest,True,
Person search,2026-01-31T00:00:00+00:00,,,54.575582,-1.322327,Male,25-34,White - English/Welsh/Scottish/Northern Irish/British,White,Misuse of Drugs Act 1971 (section 23),Controlled drugs,,True,
Vehicle search,2026-01-31T00:00:00+00:00,,,54.683042,-1.223892,,,,,Police and Criminal Evidence Act 1984 (section 1),Stolen goods,,False,
Person search,2026-01-31T00:00:00+00:00,,,54.568934,-1.219688,Male,25-34,White - English/Welsh/Scottish/Northern Irish/British,,Police and Criminal Evidence Act 1984 (section 1),Offensive weapons,Arrest,,
Person and Vehicle search,2026-01-31T00:00:00+00:00,,,54.590454,-1.307796,,,,,Misuse of Drugs Act 1971 (section 23),Controlled drugs,A no further action disposal,,
Vehicle search,2026-01-31T00:00:00+00:00,,,54.549380,-1.181859,,,,,Police and Criminal Evidence Act 1984 (section 1),Offensive weapons,Arrest,True,
Person search,2026-01-31T00:00:00+00:00,,,54.579573,-1.237741,Female,over 34,,White,Misuse of Drugs Act 1971 (section 23),Controlled drugs,Arrest,True,
Person search,2026-01-31T00:00:00+00:00,,,54.573338,-1.192332,Male,over 34,White - English/Welsh/Scottish/Northern Irish/British,White,Police and Criminal Evidence Act 1984 (section 1),Article for use in theft,A no further action disposal,,
Person search,2026-01-31T00:00:00+00:00,,,54.568421,-1.320976,Male,25-34,White - English/Welsh/Scottish/Northern Irish/British,White,Misuse of Drugs Act 1971 (section 23),Controlled drugs,A no further action disposal,,
Person search,2026-01-31T00:00:00+00:00,,,,,Male,over 34,Asian/Asian British - Indian,White,Misuse of Drugs Act 1971 (section 23),Controlled drugs,A no further action disposal,,
Person search,2026-01-31T00:00:00+00:00,,,54.555155,-1.330473,Male,over 34,White - English/Welsh/Scottish/Northern Irish/British,White,Police and Criminal Evidence Act 1984 (section 1),Article for use in theft,A no further action disposal,,
